date,day_of_year,TEMP,RH,PRECIP,GHI_forecast,GHI_p10,GHI_p50,GHI_p90
2026-01-01,1,25.1584,88.05199999999999,8.9372,4.080482993635963,3.8781788431421105,4.172623754404924,5.638824205487194
2026-01-02,2,25.2412,87.4828,6.0176,4.335288591333841,4.0008642691963265,4.414665906281375,5.143595513879197
2026-01-03,3,25.1112,87.2944,5.4492,4.459700835075486,3.9691458160305317,4.393266574406681,5.2258884416800315
2026-01-04,4,24.9668,86.3272,10.978399999999999,4.189882711628077,3.9027758175771523,4.394594221154156,5.7482871476805055
2026-01-05,5,25.372,85.3304,5.101999999999999,4.570373935606759,4.150057028446186,4.56217069282568,5.2012150114240825
2026-01-06,6,25.4136,87.4636,10.1172,4.192976765249559,3.9873160800592187,4.322954101192693,5.005772464172878
2026-01-07,7,24.9072,90.0024,12.9512,4.054015130265262,3.868072431795388,4.076912948033142,4.705251652267764
2026-01-08,8,25.212400000000002,88.1412,11.4744,4.200026849329031,4.015162567393253,4.233039205269497,5.635783510821158
2026-01-09,9,25.0996,88.7648,10.1584,4.171178039887419,3.9181028145782792,4.17904153820038,5.609697161317255
2026-01-10,10,25.3076,88.7432,8.4932,4.246558474259152,3.9594060819839436,4.246558474259152,4.980353354418833
2026-01-11,11,25.0964,89.5728,13.766399999999999,3.9285883998562388,3.7316610411688123,3.9611534815802862,5.570318933858876
2026-01-12,12,24.965200000000003,88.8888,7.9384,4.180784642190904,3.8261767416347587,4.204763562686914,5.404235335544601
2026-01-13,13,25.206,87.8544,6.6512,4.2945624863002765,3.9762146166422903,4.3023073476342475,5.299157466851945
2026-01-14,14,25.3072,86.332,8.928,4.240414579444414,3.8691732509827523,4.318084462258054,5.7543486996601585
2026-01-15,15,25.3412,86.5848,4.28,4.504519466385968,4.014763578966464,4.622558849694634,5.6904123674304765
2026-01-16,16,25.294400000000003,87.44239999999999,2.95,4.683543399266457,4.306936138179852,4.671165426680124,5.334746337396422
2026-01-17,17,25.1964,88.1164,7.622,3.992463057288083,3.770958444130484,4.0225919170395885,5.6148398992851
2026-01-18,18,24.8936,89.3032,14.787600000000001,3.8605001672816615,3.6941274343781085,3.8451108732339794,5.506498395836136
2026-01-19,19,24.5148,90.214,21.232,3.5831687882724217,3.587091281882536,3.7025103236920156,4.046372620129474
2026-01-20,20,24.8044,89.09200000000001,12.294,4.072249635077143,3.7130142642172257,4.06744026874157,5.62021020526807
2026-01-21,21,24.8356,89.26480000000001,12.966000000000003,4.091049186500964,3.7628490973707196,4.053786428113295,4.710483489628469
2026-01-22,22,25.0168,87.24680000000001,5.7372,4.547650433746643,4.278289565663084,4.5468807093877075,4.762456472829012
2026-01-23,23,25.168,88.04480000000001,7.4748,4.286806562134061,4.00573076583726,4.3083424391454805,5.687769584202839
2026-01-24,24,25.0732,89.6688,9.624799999999999,4.040514095045611,3.7961289641336524,4.120352755195783,5.597340769459651
2026-01-25,25,25.084,89.272,6.0744,4.350051988553112,3.889965720832605,4.217148905550422,4.824657435675128
2026-01-26,26,24.9132,89.9432,11.439200000000001,3.896767148733727,3.709871454377933,3.96496109111884,5.088970053289148
2026-01-27,27,24.7632,90.25,9.1124,3.927286567006851,3.6737021551739173,3.914945227372219,5.490964430898264
2026-01-28,28,24.8428,89.5768,20.344,3.736866596592523,3.6144943173428152,3.797305889431979,4.52613185404032
2026-01-29,29,24.7672,88.644,22.3884,3.759548688980123,3.635015406249741,3.8484601400240677,5.509498068388748
2026-01-30,30,24.9024,88.4084,9.027600000000001,3.996751379911906,3.7951587745513273,4.067016656804533,5.462605264060968
2026-01-31,31,25.0232,88.78240000000001,18.6812,3.907401242690724,3.7854706602988566,4.009649696050422,5.509498068388748
2026-02-01,32,25.054,88.6688,9.646,4.076238510922325,3.9382562612068384,4.082010069848506,4.367992767863152
2026-02-02,33,24.8532,89.5296,10.584,4.015278546577511,3.8024408293023053,4.0379768585714295,5.506828383062735
2026-02-03,34,24.9084,88.7932,13.194400000000002,4.051048514598172,3.7880493923699086,4.082265529429813,5.53067532562237
2026-02-04,35,24.835199999999997,89.43520000000001,9.655199999999999,4.015436497802698,3.8635888247209036,4.059542339447212,5.459543564304396
2026-02-05,36,24.8856,89.7832,12.174000000000001,4.009681802701653,3.7911221247179743,3.9914085320332973,5.493971179469161
2026-02-06,37,25.0208,89.4364,14.604800000000001,3.9774688303664716,3.7912825400960806,3.954178705439616,5.5485402556666195
2026-02-07,38,24.8704,89.7444,16.7768,3.937442840435785,3.7693651383485,3.9535068202877244,5.580311214318042
2026-02-08,39,24.9508,89.39959999999999,12.9024,3.970332564760132,3.772613389688569,3.9917295785787266,5.403920416387759
2026-02-09,40,24.9808,89.3352,13.434000000000001,4.014139958001421,3.7610246758677723,3.9850686624418556,4.627879684830903
2026-02-10,41,24.9992,89.30199999999999,6.6148,4.1576142840882,3.9622287288419202,4.153487610966547,4.669697274161572
2026-02-11,42,25.168,87.314,6.4036,4.224231909806741,3.918036806718418,4.4154950551765655,5.695338475243662
2026-02-12,43,25.1204,87.27799999999999,10.0912,4.175777575518728,3.8479237768939365,4.320576084514622,5.739998710445428
2026-02-13,44,24.9648,88.4576,7.054,4.181973369406597,3.9610868761606026,4.260119047529953,5.572991152910285
2026-02-14,45,25.006,89.1984,16.3108,4.138711831179716,3.813918229365501,4.108758240482041,5.5747391339426455
2026-02-15,46,25.1344,87.7192,13.757200000000001,4.212027749608513,3.8684565515051563,4.335457235286926,5.778718775510761
2026-02-16,47,25.128800000000002,89.29839999999999,19.8796,3.954229540608947,3.8008184651816856,3.99488821742195,4.400704618377577
2026-02-17,48,24.666,90.8484,15.013200000000001,3.948568413833428,3.7368331539896267,3.977033135696685,4.463779007492872
2026-02-18,49,25.0076,88.2484,12.4072,4.172674622250825,3.9556637636892256,4.160908982710694,4.796033744874399
2026-02-19,50,24.9332,88.806,16.746000000000002,4.326532651928574,3.8984159439295603,4.241356434181502,5.747943545999967
2026-02-20,51,25.216,86.3308,9.8384,4.583463931869289,4.071195916520904,4.6758216279074,5.894436788416373
2026-02-21,52,25.2224,88.2836,7.0904,4.530043817011412,4.305413189271025,4.520048292215657,4.94236237931463
2026-02-22,53,25.244,87.2132,7.186400000000001,4.554575655040884,4.308272988101295,4.682468879579819,5.104351873199255
2026-02-23,54,24.892400000000002,88.7396,11.1184,4.305260947273587,3.9598337220088027,4.308486308676288,5.076700293115963
2026-02-24,55,24.9404,88.5276,19.4492,4.054931040927759,3.801620087782266,4.101577242575047,5.68774629671963
2026-02-25,56,24.8148,89.09,18.8996,4.019865236121264,3.781413192105746,4.0863516535968145,5.649034762472106
2026-02-26,57,24.8852,88.7012,16.064,4.20392598925061,3.8454004510610145,4.224188740639141,5.665951240652165
2026-02-27,58,25.25,87.7568,13.7416,4.3186859317507045,3.946353821187613,4.281109544165349,5.052590991427932
2026-02-28,59,25.194799999999997,88.8288,16.4204,4.224673874730824,3.895247523144182,4.1972160379960215,4.858063412919396
2026-03-01,60,25.4556,87.8132,12.8632,4.3741752296571095,4.050382943636027,4.343420601923602,4.971200619088329
2026-03-02,61,25.298,89.0,17.278399999999998,4.274341986164765,3.885133432106027,4.189765645157408,4.557903072595126
2026-03-03,62,25.326,88.3212,17.544400000000003,4.289096593033017,3.9166173625500216,4.219817591264405,5.7024509002336785
2026-03-04,63,25.043200000000002,88.17120000000001,10.9616,4.385532098052217,4.113386020134994,4.488909753422999,5.031727627938742
2026-03-05,64,25.3276,86.8092,7.244400000000001,4.5664754664358735,4.291701681160187,4.725783371735103,5.28522614982039
2026-03-06,65,25.4344,87.9672,6.2136,4.595702538273877,4.306674253762691,4.760882779295413,5.728996585764703
2026-03-07,66,25.1556,89.7172,9.557599999999999,4.33735210638913,4.150017677693698,4.382111187058563,4.910679086227553
2026-03-08,67,25.0032,89.3092,5.2463999999999995,4.6738484412697465,4.373846219958511,4.6689221036954915,4.954276936426867
2026-03-09,68,25.1464,89.0072,8.931999999999999,4.400491630220477,4.170897454656165,4.426680008982748,4.96777898044386
2026-03-10,69,25.0056,89.45360000000001,12.219999999999999,4.2430593619159405,3.8241718756140815,4.241802178238686,5.0235061468536815
2026-03-11,70,25.3124,88.3528,9.193999999999999,4.360546105867198,4.106868250544542,4.376002074749274,5.063498985457828
2026-03-12,71,25.2404,88.6516,8.2828,4.4316149015932185,4.1512582076283255,4.451467566108394,5.11892827816494
2026-03-13,72,25.337200000000003,87.17080000000001,7.1616,4.555734800232458,4.310946334429423,4.679512503046093,5.4684523856195755
2026-03-14,73,25.1476,87.92519999999999,42.675200000000004,3.7962361814578864,3.737236860893975,3.8926526118339178,5.798371453692481
2026-03-15,74,25.0076,89.09880000000001,24.6356,3.7708835482213745,3.6739108596110013,3.826157967072117,4.445487976452353
2026-03-16,75,25.3668,88.4696,7.720000000000001,4.587593519625576,4.3193203001626,4.748045312779781,5.7251454259154375
2026-03-17,76,25.497999999999998,87.7012,9.8088,4.876903460451358,4.490064825668828,4.913528713175587,5.733937111102304
2026-03-18,77,25.3216,88.6332,8.3908,4.799685076604113,4.543805834589826,4.860156109610012,5.202784453893692
2026-03-19,78,25.2348,89.35560000000001,4.564,4.890920928965881,4.733945247128223,4.895600565684571,5.075605211119942
2026-03-20,79,25.558799999999998,87.4388,3.4240000000000004,5.019072769162159,4.812397030556527,5.129603707933308,5.81905547688657
2026-03-21,80,25.2464,87.2608,1.1028,5.197298799348223,5.02588983039335,5.307968267995482,5.80375496776674
2026-03-22,81,25.3256,88.3068,6.1012,4.841031303610118,4.608510664374091,4.833188338682562,5.112687021668199
2026-03-23,82,25.456400000000002,87.1492,5.3476,4.955119422891452,4.651498836610547,4.962849075580614,5.81905547688657
2026-03-24,83,25.676800000000004,86.2616,2.1988,5.16856168625173,5.059306514624225,5.197888763630429,5.637858806150944
2026-03-25,84,25.853999999999996,87.60799999999999,6.134400000000001,4.838797985013044,4.569269075888567,4.872734779687066,5.3489897995816635
2026-03-26,85,25.782399999999996,87.3164,6.6392,4.688796372936674,4.53705930963447,4.752623434652138,5.313141801102832
2026-03-27,86,25.7976,87.89840000000001,6.6128,4.646341649204594,4.538275506986373,4.658378779824643,5.07626247424512
2026-03-28,87,25.7848,88.2124,7.608,4.559823600825101,4.491149165229835,4.651110846089857,5.028253545544577
2026-03-29,88,25.6492,88.328,4.4936,4.813686260754731,4.546895619529607,4.8355343920218,5.44560871315275
2026-03-30,89,25.6436,87.204,4.2148,4.904426581430923,4.6922354988210175,4.91623867372723,5.189152231228758
2026-03-31,90,25.603199999999998,88.52959999999999,9.3332,4.551674678529984,4.458504876886775,4.550660966762468,4.875876760463865
2026-04-01,91,25.2144,88.64439999999999,9.6196,4.551674678529984,4.296819489002904,4.593018414211722,5.1748541843642855
2026-04-02,92,25.3224,88.2464,8.2752,4.551592536103801,4.3796538252633415,4.681258367687272,5.2274130126130345
2026-04-03,93,25.354400000000002,86.6648,9.271999999999998,4.68424795278422,4.3751657707268174,4.739044017786613,5.764864283845054
2026-04-04,94,25.432,87.1956,6.24,4.762191915651526,4.542069802112043,4.798212194085137,5.778729018394663
2026-04-05,95,25.486,87.60040000000001,5.6012,4.821424188493225,4.501328076819796,4.839907132501134,5.744869572164103
2026-04-06,96,25.524,86.80160000000001,10.057599999999999,4.674175538902591,4.331395777903508,4.696051897518844,5.823567059997699
2026-04-07,97,25.5148,84.8264,6.3652,4.973483662218034,4.560127959298675,4.947400818916623,5.86938643564735
2026-04-08,98,25.5976,85.67080000000001,3.4564,5.144189192084766,4.810101321785742,5.171890352450514,5.870959228916604
2026-04-09,99,25.5328,86.3724,4.4228000000000005,5.027280850887028,4.792435655971819,5.095580945343636,5.429444385632578
2026-04-10,100,25.647199999999998,87.446,5.0372,4.991416832837993,4.696173207702233,4.985476096094195,5.304725826900005
2026-04-11,101,25.937599999999996,86.2124,6.0112000000000005,4.9667224664322385,4.701357445064115,5.003467099186194,5.840397697632559
2026-04-12,102,25.6428,89.146,10.2292,4.7291531886581835,4.395977329811543,4.705368031338493,5.4044726172750694
2026-04-13,103,25.5996,88.88640000000001,15.183599999999998,4.64671332322422,4.217516622419723,4.6417769296467615,5.368911868705201
2026-04-14,104,25.626800000000003,87.2384,6.742400000000001,4.935661508740872,4.734628128866484,4.991520783809448,5.764286060158849
2026-04-15,105,25.657600000000002,86.9816,10.0456,4.932371277601125,4.716117492712164,4.919507212791075,5.294041002800577
2026-04-16,106,26.0228,86.2832,10.0624,4.9822735628933055,4.751966535570371,4.994095582823501,5.840892340953739
2026-04-17,107,25.988800000000005,87.762,5.9732,5.012179748786608,4.728528262826316,5.0026088147987995,5.759561107292482
2026-04-18,108,26.1932,87.3956,10.014,4.5322324702156545,4.262126123643804,4.533425841477409,5.145487293211044
2026-04-19,109,25.975600000000004,87.95840000000001,8.4308,4.40762679034482,4.214114275492849,4.570870725207149,5.787305685231716
2026-04-20,110,25.862000000000002,88.50919999999999,8.6008,4.399117365502697,4.213130468488354,4.455606748780401,5.017892230517731
2026-04-21,111,25.7284,87.2028,6.3332,4.530899671959909,4.166882967505341,4.74293058714934,5.777725477318755
2026-04-22,112,25.956799999999998,84.998,3.2224000000000004,5.011992560341049,4.672830161600516,4.990000820400576,5.8299857407726865
2026-04-23,113,25.9664,86.394,4.5844000000000005,4.778934630038243,4.525415334445463,4.851587723615262,5.403316654428111
2026-04-24,114,25.8676,87.19279999999999,5.4744,4.691217936087515,4.363627723149074,4.732187126164607,5.534631118015393
2026-04-25,115,26.0764,85.9952,6.8271999999999995,4.59936509456812,4.273654801148103,4.710875515681332,5.758905723097698
2026-04-26,116,25.9952,87.3944,7.428400000000001,4.469188518003445,4.273799144195877,4.548571054627182,5.675228446759298
2026-04-27,117,26.246,87.74600000000001,7.8316,4.448465234399615,4.274136143238007,4.513469603568202,5.643891695198542
2026-04-28,118,25.6856,88.1368,15.7908,4.306983766952296,3.912412131557312,4.277568949152455,4.65254554319653
2026-04-29,119,25.923199999999998,85.02239999999999,5.2791999999999994,4.6695172853276565,4.427793722996973,4.679304164096152,4.788269786806609
2026-04-30,120,26.176800000000004,85.9768,3.2176,4.718560158087215,4.496105671596344,4.732742863446346,5.656343587056943
2026-05-01,121,26.379200000000004,86.212,7.4868,4.527197177703578,4.140692030385715,4.687022911639876,5.666562199875007
2026-05-02,122,26.3248,86.4896,7.3016000000000005,4.525024150747036,4.131274422107657,4.556350825975473,5.394313922086639
2026-05-03,123,26.3108,88.3412,7.025200000000001,4.396203115832859,4.207034471401294,4.505368695913959,5.333695946209181
2026-05-04,124,26.303199999999997,87.6224,5.3052,4.508702922888022,4.2712773673776745,4.575643221547506,5.364139349294574
2026-05-05,125,26.299599999999998,86.77000000000001,5.0268,4.572626819742686,4.385901060829482,4.631484598815593,5.166048582874718
2026-05-06,126,26.019600000000004,86.6828,7.858,4.524802667772253,4.20223465408672,4.526903754762214,5.1172693970870196
2026-05-07,127,25.9356,86.4616,4.3128,4.6461224059933555,4.414897707971341,4.676066664361726,5.191034532967806
2026-05-08,128,26.1248,85.2252,3.2876,4.736915986246492,4.460900195835512,4.766842948262643,5.384457089889279
2026-05-09,129,26.047199999999997,86.4568,4.4492,4.580053824614537,4.39938689982949,4.6638097906656375,5.373972923848996
2026-05-10,130,26.3824,85.6532,2.0568,4.9457087012546515,4.550769279054762,4.9123456013445335,5.3819373313718835
2026-05-11,131,26.410000000000004,86.8656,1.8303999999999998,4.918146620537487,4.643165574859524,4.959702469186141,5.373972923848996
2026-05-12,132,26.427999999999997,87.4956,2.958,4.789488778884593,4.511274750558778,4.803128910029422,5.270542398076768
2026-05-13,133,26.4868,87.02560000000001,6.942400000000001,4.443853505026375,4.33816750917264,4.523285822833227,5.056879037768283
2026-05-14,134,26.3692,84.2388,3.0924,4.761571058016337,4.603306029748825,4.783190672841308,5.20592834904092
2026-05-15,135,26.232,85.9888,3.9168,4.65573229870664,4.4624636850548,4.659603872192833,5.225387483575116
2026-05-16,136,26.214800000000004,86.5092,4.232799999999999,4.650487698565215,4.392687029031581,4.651159992729739,5.30834039692136
2026-05-17,137,26.004399999999997,87.1416,9.8536,4.405120099416814,4.089284983557879,4.471120714741671,5.277757357502428
2026-05-18,138,26.017200000000003,85.2976,8.4724,4.526727735918728,4.189397903978413,4.5218751787540965,5.285394790143976
2026-05-19,139,26.0396,84.7808,2.4208000000000003,4.699993950484201,4.48860182616434,4.705504705198959,5.262120092200671
2026-05-20,140,26.123199999999997,86.0332,6.7144,4.323578869218972,3.920973755703855,4.395589171770551,5.262120092200671
2026-05-21,141,25.9544,86.9516,7.694399999999999,4.146787234162396,3.9380938175754987,4.294849962460203,5.0883837540917005
2026-05-22,142,25.7668,87.7384,8.97,4.123755178343353,3.783153188624261,4.235718758145778,5.240957687712247
2026-05-23,143,25.7452,86.4736,2.4756,4.65702983533716,4.473427319680044,4.63297473726376,5.044356317773977
2026-05-24,144,25.950799999999997,87.2372,6.6091999999999995,4.265973402217221,4.042665090092756,4.276900156999153,5.142803543887721
2026-05-25,145,25.863999999999997,88.65520000000001,13.1548,4.038315414519938,3.754090226811074,4.033643571532443,4.386078995573157
2026-05-26,146,25.657999999999998,88.4564,9.4452,3.962756683676036,3.536091928799076,3.9649783980764806,5.1507179448752245
2026-05-27,147,25.85,85.88399999999999,2.8984,4.617049554076337,4.24748138729862,4.6185624386966495,5.258199412272037
2026-05-28,148,26.04,85.7664,5.595600000000001,4.464692197145172,3.8335904941641434,4.495295637097995,5.275364711520185
2026-05-29,149,26.0332,86.7984,8.3796,4.06675885445145,3.6147579496040136,4.1419043140717715,5.174626707964977
2026-05-30,150,25.974400000000003,86.91319999999999,8.53,4.049853286084849,3.5347929249993193,4.1172945455757555,5.241648325713584
2026-05-31,151,25.794400000000003,86.4828,4.86,4.4689815881258985,3.889800214648939,4.440221378602518,5.2391375640380335
2026-06-01,152,25.5444,85.2184,1.0956,4.92903607657698,4.610926936099579,4.901104145385899,5.279404029409867
2026-06-02,153,25.9692,84.6536,3.0639999999999996,4.5596815741936245,4.07908777067488,4.5213786704860155,5.279404029409867
2026-06-03,154,26.0708,86.1332,3.622,4.482170429925495,4.245226964639946,4.530590223872756,5.085095031380208
2026-06-04,155,26.0512,87.5396,11.888399999999999,3.877224632505773,3.479556440414454,3.890665824466289,5.2390572411787755
2026-06-05,156,26.012400000000003,87.6664,5.3444,4.4256162595225925,4.120221019804066,4.452594930014879,4.516922935791787
2026-06-06,157,25.727600000000002,88.0688,13.1036,3.8455534008252683,3.466494922931358,3.876306288570316,5.097821284918299
2026-06-07,158,25.656799999999997,86.65,3.44,4.447146296392455,4.288351668797549,4.4553581139296865,4.78757673856563
2026-06-08,159,25.728,85.0324,1.7988,4.6277452400750665,4.396920662130657,4.595864755911005,5.286320974069908
2026-06-09,160,25.7584,85.74,3.6172000000000004,4.419615810457374,3.971173408214583,4.441881980379112,5.269155674821761
2026-06-10,161,25.823199999999996,85.6292,4.868,4.4296593602161245,4.074392523318579,4.429118000479656,5.245974185838817
2026-06-11,162,25.8464,85.7304,8.4492,4.125471125104046,3.7247131831431086,4.094856608010464,5.108813786499613
2026-06-12,163,25.762800000000006,86.41319999999999,4.631600000000001,4.40304586400255,4.098659613252398,4.400323706200574,4.64660633658673
2026-06-13,164,25.844399999999997,87.37,5.736000000000001,4.091193113363513,3.9559662552138724,4.083870210224451,4.425262072249144
2026-06-14,165,25.537200000000002,86.9496,3.908,4.000590590923782,3.9525793873953377,4.05097101690935,5.180670045095589
2026-06-15,166,25.4672,85.87719999999999,5.0392,4.026410954089192,3.9918941900563985,4.024096598833477,4.125188381985873
2026-06-16,167,25.2144,87.5604,9.435999999999998,3.91550280179607,3.5491179049027624,3.9088626046380077,5.157479276802765
2026-06-17,168,25.1832,86.8632,12.4576,3.87344615394424,3.4864558917984834,3.878758656830707,5.180156221545884
2026-06-18,169,25.5024,86.7,4.218,4.018740301662258,3.939934342718588,4.038587290832053,5.108636946900481
2026-06-19,170,25.254,87.4188,5.2004,4.016077973693151,3.8523873437412615,3.998684365242625,4.856306459299026
2026-06-20,171,25.3428,86.7292,6.887199999999998,3.9915407136702408,3.822474592239476,3.9862538631314592,5.201278136278176
2026-06-21,172,25.094,87.3664,7.5344,3.9589382117800396,3.700778710047348,3.953276708055599,5.164528716372597
2026-06-22,173,25.436799999999998,86.6828,3.2236000000000002,4.025766173540094,3.9520049309905794,4.047781694194343,5.065070441141683
2026-06-23,174,25.4876,86.2516,3.483199999999999,4.011278130459166,3.918212674128301,4.05152563629365,5.198231922325816
2026-06-24,175,25.0028,87.0292,2.51,4.135022893887682,3.9364628785933014,4.193649413927174,4.788869318237424
2026-06-25,176,25.3312,86.08,4.0964,4.019489947996398,3.834838678528151,4.005310659423836,5.1992826485603505
2026-06-26,177,25.6096,86.1944,4.2324,4.21868421031624,3.883746061746191,4.210472392779008,5.229542536157356
2026-06-27,178,25.4832,86.89840000000001,4.6128,4.2346984911537,3.835288527301712,4.193346865923948,5.224215954104675
2026-06-28,179,25.3816,87.49199999999999,9.1904,3.951217026463962,3.583229692927898,3.9923104073981954,5.234608118984881
2026-06-29,180,25.158,86.5924,2.2384,4.466830344327573,4.192916943749704,4.397938889852435,4.812354569412996
2026-06-30,181,25.113599999999998,85.928,10.0768,3.9566550758089187,3.5661755828442496,3.9338104727875263,5.2123012864552125
2026-07-01,182,25.248,86.7448,11.936399999999999,3.8668079219976352,3.545496020739898,3.8514975666224287,5.207684932340519
2026-07-02,183,25.556800000000003,86.2848,6.822799999999999,4.088340170539573,3.6236535208089036,4.0366159532884325,5.234868551448184
2026-07-03,184,25.4792,87.01559999999999,22.493599999999997,3.614225071216944,3.545496020739898,3.6317707496904275,5.234868551448184
2026-07-04,185,25.5268,85.6748,8.419599999999999,4.025144365343051,3.588164181483746,4.122563890749811,5.348006328162419
2026-07-05,186,25.492,85.9204,13.562000000000001,3.8465150679759574,3.518452315991863,3.862639537103382,5.268433727501432
2026-07-06,187,25.3284,86.2508,15.8584,3.7536578484861423,3.453493345534046,3.804171406976989,5.250861420404887
2026-07-07,188,25.151600000000002,88.5276,14.2,3.699276305484512,3.369998125454847,3.702519830281356,5.111189941588385
2026-07-08,189,25.0968,86.51520000000001,10.5408,3.8316812404806333,3.4465175318948478,3.827876027473489,5.2482777842155395
2026-07-09,190,25.217200000000002,85.1856,4.526,4.172091202750185,3.846649873090913,4.172876869226177,5.250861420404887
2026-07-10,191,25.0228,86.1248,3.3491999999999997,4.197746074947289,3.8936062267680205,4.18103856282239,5.252618651114542
2026-07-11,192,25.3468,85.572,0.7512,4.833860094806623,4.461707698284968,4.79616811820147,5.255128859317918
2026-07-12,193,25.3848,84.36240000000001,0.922,4.79073508322887,4.28029297446152,4.770404531160917,5.3368967048930225
2026-07-13,194,24.916800000000002,85.0332,2.868,4.2732279297103135,3.927626708015691,4.324755858795493,5.3373130344292194
2026-07-14,195,24.962799999999998,84.7108,1.2056,4.62998056708517,4.311505905803484,4.599528584513945,5.209643320322364
2026-07-15,196,24.9616,84.624,4.7624,4.157749387028744,3.628035059260583,4.152132224802987,5.286856124369784
2026-07-16,197,24.7264,83.426,4.707199999999999,4.164795148938345,3.788090277425437,4.212475208521892,5.341894349142284
2026-07-17,198,24.9296,82.5976,0.2004,5.1292590832919185,4.852993305860218,5.089725308608849,5.341894349142284
2026-07-18,199,25.1696,83.076,0.264,5.085472740367578,4.783417133290307,5.055694909821296,5.341576774480754
2026-07-19,200,25.2892,82.7992,0.5116,4.939164655688074,4.508221314318872,4.941998522223642,5.344227529730587
2026-07-20,201,25.316,82.72,0.9959999999999999,4.827483620678345,4.460397937599769,4.824646875715837,5.289724134229559
2026-07-21,202,25.205599999999997,83.7916,1.2852000000000001,4.617141421757946,4.448343466152581,4.641733489041502,5.336385184002495
2026-07-22,203,25.2456,83.2812,1.4388,4.6285928957292315,4.436812466554082,4.612875119839602,5.340132149828266
2026-07-23,204,25.4124,82.48440000000001,2.6808,4.528323016545111,4.221877164711781,4.532287649882404,5.403332611913718
2026-07-24,205,25.232400000000002,84.56960000000001,4.0484,4.466049505920496,4.093918505169451,4.4651700724605385,5.336980603268659
2026-07-25,206,25.206,84.262,1.1216,4.95323216249388,4.546505178574729,5.069903033515654,5.409231561589032
2026-07-26,207,25.0524,83.60679999999999,0.6028,5.254745839157059,4.974007913601253,5.221742791769537,5.583183758987714
2026-07-27,208,25.1428,82.466,0.5024,5.2879077827023995,5.013485778425597,5.284877572580655,5.5873470543496815
2026-07-28,209,25.2224,81.91080000000001,2.5968,4.769104045398276,4.320968751532693,4.895414173975677,5.607423670226347
2026-07-29,210,25.252000000000002,82.49,2.316,4.915580998747854,4.326236705949141,4.850079038733996,5.596557109430419
2026-07-30,211,25.2216,82.128,2.3719999999999994,4.836243664756235,4.399374090467769,4.833167006528815,5.589269481643895
2026-07-31,212,25.091199999999997,83.74680000000001,2.6628,4.762064670038206,4.185776596235885,4.816130652535652,5.589269481643895
2026-08-01,213,25.3152,83.19839999999999,3.2856,4.728030482595144,4.148281862711992,4.7396742665399145,5.589269481643895
2026-08-02,214,25.5032,83.0648,4.6772,4.664358903092955,4.223125246612711,4.645106474059055,5.498728441735854
2026-08-03,215,25.54,85.75399999999999,7.344799999999999,4.291737046280943,3.8699822012038707,4.341164853591716,5.484470327023552
2026-08-04,216,25.71,86.7336,7.9236,4.275811635658735,3.9298859758615543,4.322239186830619,5.3374559833309725
2026-08-05,217,25.494,84.71719999999999,6.822,4.509260512913013,4.158563417836275,4.505984543435282,5.046771009785906
2026-08-06,218,25.4356,82.45,1.9384000000000001,5.043491616288104,4.722265412999691,5.043491616288104,5.640421637688426
2026-08-07,219,25.381999999999998,83.7132,1.5264,5.1248683317113075,4.758340121224778,5.104973435101188,5.611080834321066
2026-08-08,220,25.4256,84.7444,1.8732,5.003142569764883,4.594987007554177,4.941945060703125,5.611080834321066
2026-08-09,221,25.480399999999996,85.6572,4.078799999999999,4.716861022046658,4.223035027314067,4.746862172472896,5.732434954297883
2026-08-10,222,25.544800000000002,83.49839999999999,4.9816,4.703284600403976,4.27495744791697,4.688644192289566,5.815736727153039
2026-08-11,223,25.4332,82.7844,1.2088,5.179055237534134,4.8210682710055375,5.183717910565347,5.867579810299335
2026-08-12,224,24.8816,83.23519999999999,6.925199999999999,4.574778416615582,4.037090450221097,4.703441277412011,5.8789227651371885
2026-08-13,225,24.900799999999997,83.5804,3.2928000000000006,4.834383950960687,4.429794262075903,4.844296256488325,5.867579810299335
2026-08-14,226,24.9652,82.9728,2.8419999999999996,4.919171477705554,4.4662028856636775,4.892077863912641,5.876789865380073
2026-08-15,227,24.9516,82.14079999999998,1.85,5.085683793965327,4.6686162071710955,5.091335317135066,5.883369273780006
2026-08-16,228,24.9964,82.9668,1.4268000000000003,5.145647468950113,4.742941852889998,5.13565014378371,5.883369273780006
2026-08-17,229,25.1436,82.6096,2.7476,4.887753203980782,4.569286826799011,4.988976868633449,5.883369273780006
2026-08-18,230,25.0208,82.994,2.7656,4.887753203980782,4.565296127779044,4.891826600798423,5.88230781165078
2026-08-19,231,25.066,84.86359999999999,2.8808,4.8594213946673674,4.524299365817013,4.826139643816444,5.824200610239941
2026-08-20,232,25.181199999999997,82.9992,1.7352000000000003,5.060981425080327,4.741377707755048,5.058462114624183,5.824200610239941
2026-08-21,233,25.042399999999997,83.0812,3.4891999999999994,4.794344877576915,4.5530912312912974,4.813337534599851,5.886724393530976
2026-08-22,234,25.216,83.5336,1.4188,5.151437156743262,4.730894265958186,5.0922468902575755,5.8866182473180535
2026-08-23,235,25.5152,82.26480000000001,0.6016,5.3588505882446,5.1383967752715645,5.3471080166509015,5.8866182473180535
2026-08-24,236,25.595999999999997,82.2576,1.5272000000000001,5.137441459355261,4.794344877576915,5.139329854074791,5.8866182473180535
2026-08-25,237,25.366000000000003,82.0412,5.3312,4.772049659633632,4.555498568598046,4.7773235605351125,5.887679709447279
2026-08-26,238,25.4032,80.46959999999999,0.5336000000000001,5.350012587756013,5.326637615170644,5.3555828855881735,5.4997043989534244
2026-08-27,239,25.476,80.898,2.3304,4.987503483395373,4.731978175751492,5.018347983199304,5.888028241341846
2026-08-28,240,25.128,82.5736,10.7544,4.7401361185578255,4.360855833680681,4.742165131602382,5.887679709447279
2026-08-29,241,25.1384,81.3128,5.2284,4.77360290023763,4.584956133033288,4.8718467098134095,5.889167048974129
2026-08-30,242,25.2308,82.3252,0.9672000000000001,5.179907238404444,4.860325369679336,5.176847138089569,5.91919493743054
2026-08-31,243,25.3532,81.7328,2.7732,4.85926390755011,4.647915596508213,5.031223152020128,5.937651020683446
2026-09-01,244,25.4936,81.17920000000001,1.8064,5.189891242960936,4.7629811483373565,5.280850248222118,6.070394102325165
2026-09-02,245,25.4904,81.8296,0.9212,5.378836192486892,5.1567106552015485,5.458385039097335,6.068984108301372
2026-09-03,246,25.433999999999997,81.83520000000001,1.1576,5.321965182369615,4.917010710501055,5.378836192486892,6.073530889376272
2026-09-04,247,25.465600000000002,80.07000000000001,1.2908,5.326616403930928,4.888195421010116,5.409569813566287,6.073530889376272
2026-09-05,248,25.5456,80.6932,1.8424000000000003,5.1917302558565135,4.768890125449346,5.319037681584777,6.070394102325165
2026-09-06,249,25.4916,82.776,6.139200000000001,4.877066145513478,4.5650946037031455,4.911593581043656,5.916238749959193
2026-09-07,250,25.605200000000004,81.872,3.2455999999999996,5.072899276917164,4.719986247672173,5.212003493151007,6.101451905695885
2026-09-08,251,25.5556,82.126,6.0944,4.905052779801786,4.422806812227121,5.050491814769279,6.025882904537818
2026-09-09,252,25.5,81.8724,5.1144,4.947129840776841,4.628254747514849,5.009902369343971,6.262019315382548
2026-09-10,253,25.286,82.9664,6.6524,4.816000569890044,4.358264855092208,4.824813918267017,6.258031327610728
2026-09-11,254,25.5524,83.45920000000001,6.614,4.79850100372131,4.416632513485778,4.850996781693627,6.164362380298365
2026-09-12,255,25.658000000000005,84.3148,6.016800000000001,4.881731803496449,4.370603965748179,4.789829075694423,5.465649162977699
2026-09-13,256,25.5452,83.71079999999999,8.6064,4.799702558385823,4.2946032056694845,4.811085039043105,6.282147356897382
2026-09-14,257,25.288800000000002,82.8572,6.5852,4.980482074546255,4.411810801680743,4.992735107428512,6.321880768010245
2026-09-15,258,25.5472,79.3268,1.9512,5.4717035218671635,5.179282768758052,5.605194513879352,6.363438360913918
2026-09-16,259,25.6,81.86,11.2112,4.813422500506894,4.411009386729492,5.021311641304897,6.321936502064699
2026-09-17,260,25.661199999999997,82.70599999999999,4.4924,5.237739448297457,4.676556225263356,5.322583614769096,6.321880768010245
2026-09-18,261,25.5732,82.1284,2.5552,5.347694389363539,4.9468176507591375,5.435444201852435,6.321936502064699
2026-09-19,262,25.38,82.148,4.2472,5.274953771424472,4.813510042228349,5.3278868325121245,6.281294073461239
2026-09-20,263,25.520400000000002,81.464,5.2292,5.2394054363550415,4.704164621620188,5.310176396622487,6.336840893540416
2026-09-21,264,25.684800000000003,81.2776,5.492400000000001,5.265226694565999,4.741931079646939,5.227248836761324,6.256245076036337
2026-09-22,265,25.718799999999998,82.4724,10.6256,4.795437184780027,4.2951498968854445,5.152114845781416,6.336840893540416
2026-09-23,266,25.8676,82.2928,8.7536,4.9803923178712255,4.397737223607691,5.151358431686159,6.336840893540416
2026-09-24,267,26.0408,82.39680000000001,1.8376000000000001,5.414688707964826,5.0951124605456615,5.479651949998997,6.30473129929839
2026-09-25,268,25.9892,83.04159999999999,11.974,4.749634360573136,4.164699511510577,4.9090499571903745,6.336840893540416
2026-09-26,269,26.168,80.676,5.743599999999999,5.319324724257724,4.745722019123058,5.269106472205977,6.06246212484806
2026-09-27,270,25.974,81.7556,6.5268,5.115971270360549,4.2881883326070644,5.2430325566436276,6.336840893540416
2026-09-28,271,26.0644,81.438,2.88,5.31679500092861,4.890288479631927,5.445157551713423,6.336785159485962
2026-09-29,272,26.2532,81.4032,1.1428,5.562296779355801,5.24332631069308,5.662129017077548,6.336840893540416
2026-09-30,273,26.1416,82.798,5.376399999999999,5.232694557342637,4.570337416564705,5.182264989695668,6.336785159485962
2026-10-01,274,25.854000000000003,83.6892,5.484,5.050344957118109,4.434123612727567,5.002558242965028,6.30473129929839
2026-10-02,275,25.7976,82.2716,5.5148,5.077154594330446,4.422086861574411,5.2377702870581695,6.336785159485962
2026-10-03,276,26.147199999999998,80.9288,4.5536,5.101411301318143,4.728886922204113,5.259441787300398,6.340270478431637
2026-10-04,277,26.136400000000002,81.9636,4.7076,5.068504867780767,4.584695144900966,5.116149655672173,6.338232023656777
2026-10-05,278,26.001599999999996,81.9308,5.009600000000001,5.064212132248996,4.64485264223949,5.251529898810032,6.303879410453359
2026-10-06,279,25.9492,83.0952,6.384000000000001,4.955398922256338,4.372707521822944,4.9741580253772035,6.336785159485962
2026-10-07,280,26.0336,82.36800000000001,5.7428,5.071596592381221,4.402332942647363,5.167584069543718,6.335366726981836
2026-10-08,281,25.9988,82.16279999999999,3.878,5.105697882233275,4.635453977198632,5.3037417148701,6.312869557242752
2026-10-09,282,26.3236,80.482,4.982799999999999,5.167269409370332,4.658098327044446,5.359507431192749,6.335682150539303
2026-10-10,283,26.4084,80.8404,2.7768,5.320591904132551,5.006961967595658,5.525582640198241,6.335682150539303
2026-10-11,284,26.4352,81.1476,3.0856,5.19467925582447,4.752376530955596,5.5151233210653325,6.349213559296886
2026-10-12,285,26.6184,80.0676,2.3099999999999996,5.357999976376769,5.002418865042927,5.560563504894399,6.315586449496552
2026-10-13,286,26.4284,81.5316,2.9976,5.235933289879031,4.8762448657352495,5.3897746348413635,6.308100274788562
2026-10-14,287,26.3988,81.7248,2.8136,5.248677536280167,4.746454027927591,5.494312742190791,6.317049916766643
2026-10-15,288,26.4644,81.00840000000001,4.0764000000000005,5.145745848821854,4.7467948928021215,5.3320161446612335,6.309268513728261
2026-10-16,289,26.6912,81.19,3.6628,5.137219628651101,4.78845026569956,5.4204601398540415,6.308203663932261
2026-10-17,290,26.525599999999997,81.1704,5.050400000000001,5.079663214846378,4.567180081163655,5.257874672754121,6.314355389810842
2026-10-18,291,26.168799999999997,81.0328,9.560799999999999,4.854852660335159,4.189521936089005,5.202666556741142,6.343286704198058
2026-10-19,292,26.1512,81.85119999999999,6.2732,4.927276187501332,4.517525072283297,5.145207651959682,6.2785947989515645
2026-10-20,293,26.001600000000003,83.4936,6.381600000000001,4.920572910686735,4.3735086458391335,4.985385815489385,5.647393658744332
2026-10-21,294,26.1312,83.1748,6.664,4.931403736683845,4.419070489658264,4.933167652503704,5.625515928545511
2026-10-22,295,26.034399999999998,82.6452,10.3812,4.840870581518082,4.282419799412913,4.902702667938325,6.231902177059614
2026-10-23,296,26.1556,82.5364,4.5224,5.103611583977237,4.496614851968036,5.201133596416805,6.291795609293906
2026-10-24,297,26.178800000000003,82.7728,5.6012,5.127564713336932,4.575491107772454,5.037800351359566,6.28167809767177
2026-10-25,298,25.867199999999997,84.54400000000001,10.6164,4.730735727490429,4.326305227102315,4.762983177561018,5.3681810518284845
2026-10-26,299,25.8236,84.0024,9.4924,4.829028341201503,4.303435732163013,4.823823933470057,6.035261957419344
2026-10-27,300,25.9184,83.5276,6.6152,4.993191912319722,4.373535388007896,5.038523338225397,6.330509628946618
2026-10-28,301,25.704,82.1928,6.975199999999999,5.00344750896038,4.23640288300262,5.251421519508524,6.331949770272235
2026-10-29,302,26.162799999999997,81.21119999999999,4.1324,5.19555303373043,4.726354937484358,5.336507301956496,6.337335105866088
2026-10-30,303,26.0428,82.3844,5.735199999999999,5.1303646231483615,4.313279887684426,5.181085829983257,6.388428731087999
2026-10-31,304,26.4968,81.3388,6.8772,5.04487307624315,4.476103285687958,5.254100501045553,6.331584145372467
2026-11-01,305,26.507600000000004,83.02919999999999,8.578399999999998,4.883050025646952,4.409076138404978,4.929935306063634,6.331949770272235
2026-11-02,306,26.48,83.1496,7.700800000000001,4.901382344284752,4.4923784195662995,4.930743898942769,6.326515353393141
2026-11-03,307,26.238799999999998,84.63759999999999,9.5668,4.76552819864635,4.2828224497826985,4.79261188232649,5.545840059371618
2026-11-04,308,25.8416,85.8244,9.7316,4.608974754583851,4.357151897287705,4.674133954081441,5.420610914989826
2026-11-05,309,25.6012,86.51079999999999,7.756,4.60257198879357,4.310236083328813,4.678323353759893,5.129028251708609
2026-11-06,310,25.670799999999996,85.6696,6.3356,4.720842501834982,4.356928718751854,4.801219281417964,5.573022457168817
2026-11-07,311,25.9224,85.434,9.466,4.6213403017717,4.2824069220670244,4.6770717083888425,5.3200466936590205
2026-11-08,312,25.5912,85.16799999999999,5.3336,4.877563421266078,4.402394152490783,5.073873787492013,6.326515353393141
2026-11-09,313,25.8688,84.296,6.163199999999999,4.904522278699011,4.400157665247319,4.966133082459869,6.330000672338816
2026-11-10,314,25.9224,84.9816,7.849199999999999,4.689851968946683,4.235509578781318,4.774513616022385,6.127390681784642
2026-11-11,315,25.721600000000002,85.42920000000001,5.9032,4.629162137466007,4.2688054545226475,4.648252039698907,5.289358777984134
2026-11-12,316,25.7112,85.8592,8.6536,4.282013495919432,3.9902927114385176,4.400261549048514,5.825402681771802
2026-11-13,317,25.6048,87.1732,13.437199999999999,4.134671893057002,3.74914688311519,4.190848314756884,6.1863875509154385
2026-11-14,318,25.6624,87.438,9.7664,4.094592632513177,3.899581037096275,4.227527612054233,5.126665894535856
2026-11-15,319,25.702800000000003,86.6008,7.9836,4.237938795936698,3.9981198979597505,4.3074085042826695,4.951872170908864
2026-11-16,320,25.896800000000002,85.9544,6.088,4.419850342990974,4.129749240560891,4.483642396480956,5.37899249870007
2026-11-17,321,25.543599999999998,88.5076,7.8652,4.131580542147145,3.961751171944568,4.297011495664842,6.193182311090409
2026-11-18,322,25.683600000000002,86.05319999999999,6.022,4.467804352335026,4.133825580186949,4.602438473818476,6.193182311090409
2026-11-19,323,25.823199999999996,85.9844,11.0268,4.332358071489688,3.856432913080696,4.380365807911778,5.4563495279860375
2026-11-20,324,25.774400000000004,85.3924,6.7308,4.471106819574235,4.069076678368886,4.5713510330401785,5.902709459594116
2026-11-21,325,25.790399999999998,86.2684,4.8932,4.525389492954325,4.111166380025197,4.633376854356149,6.268459893355317
2026-11-22,326,25.8944,85.5384,7.714799999999999,4.430880807300423,4.116646694361255,4.454480114829414,6.227184578776353
2026-11-23,327,25.7752,87.01399999999998,5.4444,4.400052384555341,4.1379901034199476,4.4320523943842005,4.865031706634478
2026-11-24,328,25.418799999999997,88.07039999999999,6.037599999999999,4.267290330647446,3.9614866640194992,4.281825748615647,5.942448601489258
2026-11-25,329,25.337200000000003,85.97439999999999,8.059999999999999,4.310457202547334,4.068221879181904,4.362145666925734,6.085012029834802
2026-11-26,330,25.500400000000003,85.2504,5.921200000000001,4.442508008456493,4.153983474093476,4.462285215704413,6.072122426213722
2026-11-27,331,25.5644,85.4164,7.720400000000001,4.306994935375956,4.078870220106521,4.3702074969166524,5.962451086075837
2026-11-28,332,25.3168,86.322,12.272,4.2273551206053,3.9532673624177983,4.223595211318626,4.577259493326065
2026-11-29,333,25.4844,85.3788,18.628,4.064580923082347,3.776123288063041,4.162980258879156,4.975312798866776
2026-11-30,334,25.398400000000002,86.228,11.738800000000001,4.231001288832371,3.997875001618103,4.2281045457033875,4.777108669210753
2026-12-01,335,25.387999999999998,86.1328,10.9712,4.121579175834828,3.9397619893426845,4.152953329608323,4.521033765962085
2026-12-02,336,25.7312,85.816,5.902800000000001,4.362666820175912,4.095823066632407,4.346150854813708,4.816886137897959
2026-12-03,337,25.715999999999998,86.0328,8.563600000000001,4.12658197143485,3.935800649102445,4.15483343647286,4.533483505972697
2026-12-04,338,24.9672,89.234,21.505200000000002,3.6838260568427157,3.5477348957307977,3.751813387226436,5.823975511073826
2026-12-05,339,25.208,88.14959999999999,13.781200000000002,3.885839060934798,3.634378347207225,3.9017535536456034,4.575106767514823
2026-12-06,340,25.3752,88.0392,12.759599999999999,3.982976044855129,3.700227208226469,4.034254418404639,4.957499993947072
2026-12-07,341,25.238,88.6088,10.2792,4.041913729767419,3.7695114871592805,4.078644534057776,5.908309562321386
2026-12-08,342,25.419999999999998,87.00800000000001,7.646800000000001,4.310383991646051,4.089146246056451,4.38591964516843,5.373115610652121
2026-12-09,343,25.315199999999997,87.49600000000001,7.0468,4.380230876882757,4.0821158074828885,4.410016714949398,5.956796326424793
2026-12-10,344,25.226000000000003,88.5764,9.097999999999999,4.236246883419674,3.8583158722479625,4.225061600877796,5.992857320541226
2026-12-11,345,25.368000000000002,88.9208,7.8812,4.316124477944034,3.945995617838171,4.346218448397572,5.4583670332941425
2026-12-12,346,25.6852,85.6348,4.918,4.731818516788364,4.335360492783585,4.781139558529473,5.431399921729821
2026-12-13,347,25.7164,85.47319999999999,2.0484,5.0264202032861505,4.628274619545866,5.064467911653802,6.073152949921833
2026-12-14,348,25.894799999999996,85.6936,2.362,4.89981087243701,4.4751678492421165,5.019688929594137,6.127277284339033
2026-12-15,349,25.810000000000002,85.39,4.174799999999999,4.6117210261306685,4.106213901617002,4.772434500936722,5.9512318191753275
2026-12-16,350,25.744799999999998,85.764,8.002799999999999,4.23051031043226,3.8776861082275462,4.381068466864614,6.090386099379382
2026-12-17,351,25.614799999999995,86.2184,9.39,4.233464305760965,3.919429475184879,4.421501703649156,5.274578191183086
2026-12-18,352,25.563200000000002,86.3904,4.7152,4.731134043186462,4.182716503183082,4.749190307040566,6.020797616295215
2026-12-19,353,25.7968,85.61319999999999,6.4239999999999995,4.515404986968103,4.026202849929676,4.739515362792671,5.952411059028997
2026-12-20,354,25.609200000000005,85.24640000000001,10.297999999999998,4.295318533044266,3.8468366358343262,4.631981869304186,6.062989871315374
2026-12-21,355,25.4192,86.1476,9.6244,4.16151281181254,3.8473336520157675,4.411494432757154,5.9309541624923545
2026-12-22,356,25.5428,85.06960000000001,5.3324,4.542505789753293,3.964726852826985,4.572134168927679,6.120164904295031
2026-12-23,357,25.5024,85.85040000000001,8.3128,4.256673049893688,3.89197704076068,4.280459409513151,5.132870606007844
2026-12-24,358,25.3824,86.1188,10.3684,4.135701112860302,3.878745688537153,4.122872746196364,4.6339511658620705
2026-12-25,359,25.3416,86.3604,9.8328,4.112301629077769,3.8473359304196646,4.158458695591551,4.629534383687766
2026-12-26,360,25.16,87.348,6.8976,4.152421584391532,3.9504815228726597,4.243756340151458,4.806574531267452
2026-12-27,361,25.226,86.2836,7.621600000000001,4.2019353390994105,3.987484024695689,4.247048567090191,4.543581666451468
2026-12-28,362,25.4052,87.4572,7.7948,4.0654969006423345,3.9016518521497914,4.2190030145946995,5.949290694807395
2026-12-29,363,25.308799999999998,87.4696,9.9444,3.8590963404055243,3.666112826062977,3.963807737719971,5.892861936249566
2026-12-30,364,25.542,87.12719999999999,6.2508,4.108280081093535,3.8917032307728867,4.260707907770298,4.636277075764953
2026-12-31,365,24.975199999999997,89.542,12.9416,3.8511502103330946,3.5693015974137707,3.827079055729707,5.845376319992492
